{
    "train_loss": [
        1.0498103350400925,
        0.9636603045463562,
        0.8442811799049378,
        0.7306190669536591,
        0.6470298698544502,
        0.5911210927367211,
        0.5556355425715447,
        0.5286981403827667,
        0.5082266154885292,
        0.48994514644145964,
        0.4756570315361023,
        0.46206208914518354,
        0.45168783217668534,
        0.43880550771951676,
        0.4299185349047184
    ],
    "train_accuracy": [
        44.95441685004715,
        53.47375039295819,
        67.68311851618988,
        71.29833385727758,
        73.75039295818925,
        74.97642250864509,
        75.88808550770199,
        76.61112857591952,
        77.39704495441686,
        78.05721471235461,
        78.78025778057214,
        79.22037095253064,
        79.88054071046841,
        80.44640050298648,
        81.2951901917636
    ],
    "val_loss": [
        1.0229775062922775,
        0.9138960735551243,
        0.792672243611566,
        0.6954974285487471,
        0.6307856471374117,
        0.5828851851923712,
        0.5526656487892414,
        0.5293092994854368,
        0.5110051847737411,
        0.4942868048774785,
        0.4873946601974553,
        0.48236853911958893,
        0.46418871242424536,
        0.4515135005630296,
        0.44138756805452806
    ],
    "val_accuracy": [
        51.3215859030837,
        61.784140969163,
        65.63876651982379,
        70.81497797356828,
        73.01762114537445,
        72.90748898678414,
        74.55947136563877,
        75.77092511013215,
        76.2114537444934,
        77.6431718061674,
        77.5330396475771,
        77.97356828193833,
        80.2863436123348,
        79.84581497797357,
        80.06607929515418
    ],
    "test_accuracy": 81.14035087719299,
    "classes": [
        "glioma",
        "meningioma",
        "pituitary"
    ],
    "epochs": 15,
    "num_train_samples": 3181,
    "num_val_samples": 908,
    "num_test_samples": 456,
    "best_val_epoch": 15,
    "best_val_loss": 0.44138756805452806,
    "best_val_accuracy": 80.06607929515418
}