{
    "train_loss": [
        0.6324308041352124,
        0.361680116579311,
        0.2557427208664729,
        0.21134762089680786,
        0.13893051627302663,
        0.10555524988089403,
        0.08253007813139782,
        0.08471570987753534,
        0.04999363118566125,
        0.05372969050359419,
        0.0628712028703385,
        0.02096497562378039,
        0.02925101402868862,
        0.07335390091889189,
        0.03880577044207195
    ],
    "train_accuracy": [
        69.47500785916378,
        85.44482867022948,
        89.9088337000943,
        91.82646966362779,
        94.46714869537881,
        96.32191134863251,
        97.04495441685005,
        97.10782772712983,
        98.11380069160641,
        98.11380069160641,
        97.57937755422823,
        99.21408362150267,
        98.83684375982395,
        97.76799748506758,
        98.77397044954417
    ],
    "val_loss": [
        0.38359425805116953,
        0.2824702309117767,
        0.2748483445560723,
        0.26658688488890203,
        0.314013465554493,
        0.4523165835376666,
        0.30266926669425803,
        0.23947081298811418,
        0.2876398576165804,
        0.5018203099653125,
        0.3196711707820579,
        0.32947819457803507,
        0.7093872816313808,
        0.368968602853241,
        0.3555720225769236
    ],
    "val_accuracy": [
        83.14977973568281,
        90.7488986784141,
        90.08810572687224,
        91.85022026431719,
        92.84140969162996,
        91.18942731277534,
        92.18061674008811,
        94.49339207048457,
        96.25550660792952,
        91.18942731277534,
        96.47577092511013,
        94.8237885462555,
        94.7136563876652,
        95.81497797356828,
        94.60352422907489
    ],
    "test_accuracy": 94.29824561403508,
    "classes": [
        "glioma",
        "meningioma",
        "pituitary"
    ],
    "epochs": 15,
    "num_train_samples": 3181,
    "num_val_samples": 908,
    "num_test_samples": 456,
    "best_val_epoch": 8,
    "best_val_loss": 0.23947081298811418,
    "best_val_accuracy": 94.49339207048457
}