{
    "train_loss": [
        0.5927150945118325,
        0.3551951834005327,
        0.25584156889861553,
        0.18457103848232695,
        0.14888884324636592,
        0.1105469953147086,
        0.09051223684701339,
        0.057687018061964655,
        0.039014967791993524,
        0.033028486895552794,
        0.03843821596439656,
        0.011043093927235613,
        0.00510317863035513,
        0.0018222516063881688,
        0.0012032916477331278
    ],
    "train_accuracy": [
        72.36718013203395,
        85.35051870480982,
        90.19176359635335,
        93.27255580006288,
        94.68720528135806,
        95.881798176674,
        96.7934611757309,
        98.1766740018862,
        98.86828041496385,
        98.86828041496385,
        98.6482238289846,
        99.74850675888085,
        99.93712668972022,
        100.0,
        100.0
    ],
    "val_loss": [
        0.435136029464111,
        0.31079775225697903,
        0.26040983017076524,
        0.23550175731642203,
        0.22622067417965777,
        0.20327366188805746,
        0.19968135093681907,
        0.22979402074002123,
        0.2505622444850017,
        0.4050903369574563,
        0.26919105122215115,
        0.27234339033392435,
        0.29527641388143056,
        0.3144082667204342,
        0.32843186766599264
    ],
    "val_accuracy": [
        81.71806167400881,
        88.76651982378854,
        90.30837004405286,
        93.06167400881057,
        95.04405286343612,
        94.93392070484582,
        95.48458149779735,
        95.9251101321586,
        94.49339207048457,
        91.18942731277534,
        95.26431718061674,
        96.80616740088105,
        97.13656387665198,
        97.13656387665198,
        97.2466960352423
    ],
    "test_accuracy": 96.71052631578948,
    "classes": [
        "glioma",
        "meningioma",
        "pituitary"
    ],
    "epochs": 15,
    "num_train_samples": 3181,
    "num_val_samples": 908,
    "num_test_samples": 456,
    "best_val_epoch": 7,
    "best_val_loss": 0.19968135093681907,
    "best_val_accuracy": 95.48458149779735
}