{
    "train_loss": [
        0.6730069419741631,
        0.41153485551476476,
        0.3625535489618778,
        0.2806400613486767,
        0.21690523222088814,
        0.1793192121386528,
        0.16747583739459515,
        0.11322061491198837,
        0.10011996693909168,
        0.11095835560001432,
        0.07437313786125742,
        0.035712175872176885,
        0.029897316600545308,
        0.04001817742595449,
        0.013062729611119721
    ],
    "train_accuracy": [
        67.30587865451116,
        83.18138950015718,
        86.41936497956617,
        88.68280414963849,
        91.60641307764854,
        93.20968248978309,
        93.58692235146181,
        96.03898145237346,
        96.3847846589123,
        96.10185476265325,
        97.32788431310908,
        98.55391386356492,
        99.02546369066332,
        98.52247720842503,
        99.5598868280415
    ],
    "val_loss": [
        0.5022457879165123,
        0.40730562818975286,
        0.2973082944236953,
        0.2786753745428447,
        0.3658647748545326,
        0.2666272659432785,
        0.2885809916489083,
        0.22126999754330207,
        0.2296048172524777,
        0.1754340658542411,
        0.3082274352360902,
        0.24794811236868805,
        0.33436588514877225,
        0.26062574078216505,
        0.24126261824958734
    ],
    "val_accuracy": [
        79.51541850220265,
        86.78414096916299,
        88.98678414096916,
        90.19823788546256,
        90.08810572687224,
        91.62995594713657,
        91.85022026431719,
        93.50220264317181,
        92.40088105726872,
        95.15418502202643,
        93.06167400881057,
        95.81497797356828,
        94.93392070484582,
        95.48458149779735,
        95.70484581497797
    ],
    "test_accuracy": 95.6140350877193,
    "classes": [
        "glioma",
        "meningioma",
        "pituitary"
    ],
    "epochs": 15,
    "num_train_samples": 3181,
    "num_val_samples": 908,
    "num_test_samples": 456,
    "best_val_epoch": 10,
    "best_val_loss": 0.1754340658542411,
    "best_val_accuracy": 95.15418502202643
}