{
    "train_loss": [
        0.6446453852951527,
        0.4114760813117027,
        0.31894577950239184,
        0.2755387717485428,
        0.23200441464781763,
        0.2051695089787245,
        0.1824587719142437,
        0.16533060733228921,
        0.13935466973111033,
        0.12977353196591138,
        0.11001601704396308,
        0.10014318591915071,
        0.0950095247849822,
        0.08423319717869163,
        0.06968406327068806,
        0.058673524409532544,
        0.060347708275076004,
        0.04972842382732779,
        0.038938592232298105,
        0.0390655815298669,
        0.03520294920017477,
        0.030990732127102093,
        0.030948904629331083,
        0.030701066594338043,
        0.02518137526116334
    ],
    "train_accuracy": [
        70.26092423766111,
        82.11254322540081,
        87.14240804778372,
        88.93429739075762,
        91.00911662999057,
        92.10939955988682,
        93.39830242062244,
        94.21565545425966,
        95.06444514303678,
        94.93869852247721,
        96.22760138321283,
        96.13329141779315,
        96.47909462433198,
        97.23357434768941,
        97.7365608299277,
        97.89374410562716,
        97.83087079534738,
        98.23954731216598,
        98.86828041496385,
        98.67966048412448,
        98.58535051870481,
        98.96259038038353,
        98.89971707010375,
        99.02546369066332,
        99.18264696636278
    ],
    "val_loss": [
        0.5322049892154234,
        0.4532703499084917,
        0.29948140976244003,
        0.2740772731345275,
        0.2602181724304783,
        0.23544240614463544,
        0.21131306738945946,
        0.19838258534156042,
        0.1841223236044933,
        0.18122888205508733,
        0.17473088635195946,
        0.17970042525597946,
        0.16781879022139415,
        0.17505741767296246,
        0.16923866441055876,
        0.1800148358592635,
        0.18991954244898054,
        0.16058533785639909,
        0.1960627862472079,
        0.17687523438884267,
        0.18698891347619415,
        0.3583238369172814,
        0.20534240386091526,
        0.19289776533357858,
        0.1840170200915148
    ],
    "val_accuracy": [
        74.22907488986785,
        76.10132158590308,
        89.31718061674009,
        89.64757709251101,
        91.74008810572687,
        91.85022026431719,
        93.3920704845815,
        94.38325991189427,
        95.59471365638767,
        95.37444933920705,
        95.26431718061674,
        95.37444933920705,
        96.47577092511013,
        96.0352422907489,
        95.37444933920705,
        96.0352422907489,
        96.47577092511013,
        96.36563876651982,
        96.80616740088105,
        97.02643171806167,
        97.02643171806167,
        91.29955947136564,
        96.69603524229075,
        96.69603524229075,
        97.02643171806167
    ],
    "test_accuracy": 96.9298245614035,
    "classes": [
        "glioma",
        "meningioma",
        "pituitary"
    ],
    "epochs": 50,
    "num_train_samples": 3181,
    "num_val_samples": 908,
    "num_test_samples": 456,
    "best_val_epoch": 18,
    "best_val_loss": 0.16058533785639909,
    "best_val_accuracy": 96.36563876651982
}