{
    "train_loss": [
        0.7597953134775162,
        0.5578682985901833,
        0.4876969024538994,
        0.44735862225294115,
        0.41039964437484744,
        0.39791118308901785,
        0.38539049968123434,
        0.37448970317840574,
        0.3532817575335503,
        0.33425597548484803,
        0.322869104295969,
        0.31405656099319457,
        0.29562872722744943,
        0.30929763287305834,
        0.30183275625109673
    ],
    "train_accuracy": [
        68.21754165356806,
        77.45991826469664,
        80.94938698522478,
        82.70983967305878,
        83.90443256837473,
        84.84753222257152,
        85.28764539453002,
        85.94781515246778,
        87.01666142722415,
        87.55108456460232,
        87.70826784030179,
        88.46274756365922,
        89.75165042439484,
        88.24269097767997,
        88.36843759823955
    ],
    "val_loss": [
        0.6000859449649679,
        0.5114293756156132,
        0.46755716050493307,
        0.43224580123506745,
        0.39193357784172583,
        0.3795351293580285,
        0.3620141713783659,
        0.3677186516338381,
        0.33761314122841274,
        0.32906904148644417,
        0.3145030726646555,
        0.3097451396029571,
        0.3063876759903184,
        0.3132049446475917,
        0.28963748314257326
    ],
    "val_accuracy": [
        74.8898678414097,
        79.29515418502203,
        80.2863436123348,
        83.14977973568281,
        83.59030837004406,
        84.14096916299559,
        85.13215859030836,
        84.03083700440529,
        86.56387665198238,
        86.78414096916299,
        87.77533039647577,
        87.88546255506608,
        89.20704845814979,
        87.66519823788546,
        88.76651982378854
    ],
    "test_accuracy": 88.59649122807018,
    "classes": [
        "glioma",
        "meningioma",
        "pituitary"
    ],
    "epochs": 15,
    "num_train_samples": 3181,
    "num_val_samples": 908,
    "num_test_samples": 456,
    "best_val_epoch": 15,
    "best_val_loss": 0.28963748314257326,
    "best_val_accuracy": 88.76651982378854
}