{
    "train_loss": [
        0.7229508943855762,
        0.9434803356230259,
        1.069638300538063,
        1.0696231508255005,
        1.0684723150730133,
        1.0685297399759293,
        1.0701032280921936,
        1.068377863764763,
        1.0689630836248398,
        1.0689766710996629,
        1.0691561102867126,
        1.0688030266761779,
        1.069209960103035,
        1.0689642196893692,
        1.0694482213258742
    ],
    "train_accuracy": [
        67.1172587236718,
        50.17290160326941,
        39.987425337944046,
        39.61018547626532,
        39.924552027664255,
        39.924552027664255,
        40.176045268783405,
        40.176045268783405,
        39.61018547626532,
        40.176045268783405,
        39.61018547626532,
        39.295818924866396,
        40.176045268783405,
        40.176045268783405,
        39.79880540710469
    ],
    "val_loss": [
        0.7084978515731877,
        1.0772345867650261,
        1.077178379585003,
        1.0776166175973827,
        1.0777080922291196,
        1.0768631963894284,
        1.0774116783306515,
        1.0773611500345428,
        1.0775208719845475,
        1.077246631013936,
        1.0785539273557991,
        1.0772933774981006,
        1.0774277448654175,
        1.077890776354691,
        1.0784279724647259
    ],
    "val_accuracy": [
        73.34801762114537,
        40.198237885462554,
        40.198237885462554,
        40.198237885462554,
        37.66519823788546,
        40.198237885462554,
        40.198237885462554,
        40.198237885462554,
        40.198237885462554,
        40.198237885462554,
        40.198237885462554,
        40.198237885462554,
        40.198237885462554,
        40.198237885462554,
        40.198237885462554
    ],
    "test_accuracy": 40.13157894736842,
    "classes": [
        "glioma",
        "meningioma",
        "pituitary"
    ],
    "epochs": 15,
    "num_train_samples": 3181,
    "num_val_samples": 908,
    "num_test_samples": 456,
    "best_val_epoch": 1,
    "best_val_loss": 0.7084978515731877,
    "best_val_accuracy": 73.34801762114537
}