{
    "train_loss": [
        0.6144118864834308,
        0.36473626136779785,
        0.2763445071876049,
        0.1940889983251691,
        0.1578680108487606,
        0.126212186999619,
        0.1078653471916914,
        0.06185375488363207,
        0.043633108981885015,
        0.037998886140994725,
        0.016880992453661748,
        0.021120241665194044,
        0.04612606146838516,
        0.008387945892754942,
        0.00295936205489852
    ],
    "train_accuracy": [
        71.2668972021377,
        84.75322225715183,
        89.56303049355549,
        92.58094938698522,
        93.93272555800063,
        95.78748821125433,
        95.81892486639421,
        98.1766740018862,
        98.67966048412448,
        98.86828041496385,
        99.5598868280415,
        99.30839358692235,
        98.42816724300535,
        99.84281672430053,
        99.9685633448601
    ],
    "val_loss": [
        0.5535986659855678,
        0.3322191061130885,
        0.23217372878872114,
        0.22702760814592757,
        0.22350310669120016,
        0.19169501818973442,
        0.3251493960370085,
        0.1953970847494804,
        0.1997121934425728,
        0.23743120798889292,
        0.24469744888182474,
        0.25314196209891915,
        0.23312775136758412,
        0.2527023830091915,
        0.2709083005324985
    ],
    "val_accuracy": [
        73.45814977973568,
        85.68281938325991,
        91.07929515418502,
        93.28193832599119,
        94.05286343612335,
        94.38325991189427,
        90.96916299559471,
        96.47577092511013,
        96.1453744493392,
        96.58590308370044,
        96.69603524229075,
        96.1453744493392,
        96.58590308370044,
        97.13656387665198,
        97.2466960352423
    ],
    "test_accuracy": 97.14912280701755,
    "classes": [
        "glioma",
        "meningioma",
        "pituitary"
    ],
    "epochs": 15,
    "num_train_samples": 3181,
    "num_val_samples": 908,
    "num_test_samples": 456,
    "best_val_epoch": 6,
    "best_val_loss": 0.19169501818973442,
    "best_val_accuracy": 94.38325991189427
}