{
    "train_loss": [
        0.6044347210228443,
        0.32645688571035864,
        0.23466803826391697,
        0.15487819159403443,
        0.11321037905290723,
        0.08112323658540845,
        0.06819283818826079,
        0.02928348148590885,
        0.017333126257144612,
        0.01056940627833228,
        0.03937656630172569,
        0.020379990663204808,
        0.0025394877018698027,
        0.0007630508717193151,
        0.00038924143233089127
    ],
    "train_accuracy": [
        71.01540396101855,
        86.48223828984597,
        90.56900345803207,
        94.43571204023893,
        95.75605155611443,
        97.04495441685005,
        97.54794089908833,
        99.21408362150267,
        99.46557686262182,
        99.74850675888085,
        98.52247720842503,
        99.37126689720213,
        99.9685633448601,
        100.0,
        100.0
    ],
    "val_loss": [
        0.5099581970736898,
        0.2847025593550041,
        0.2135097122397916,
        0.23010190415742068,
        0.23936280937853333,
        0.2441473664386712,
        0.27933643687243476,
        0.3427848103703409,
        0.2789741196220034,
        0.3593743831924853,
        0.2767654655423218,
        0.32213670930339283,
        0.2975516231114837,
        0.37061023113651104,
        0.375851130432792
    ],
    "val_accuracy": [
        75.88105726872247,
        89.64757709251101,
        94.05286343612335,
        94.7136563876652,
        94.93392070484582,
        95.48458149779735,
        94.8237885462555,
        94.93392070484582,
        96.36563876651982,
        96.25550660792952,
        95.70484581497797,
        96.91629955947137,
        97.02643171806167,
        97.3568281938326,
        97.4669603524229
    ],
    "test_accuracy": 97.36842105263158,
    "classes": [
        "glioma",
        "meningioma",
        "pituitary"
    ],
    "epochs": 15,
    "num_train_samples": 3181,
    "num_val_samples": 908,
    "num_test_samples": 456,
    "best_val_epoch": 3,
    "best_val_loss": 0.2135097122397916,
    "best_val_accuracy": 94.05286343612335
}