{
    "train_loss": [
        0.6338212734460831,
        0.3987919524312019,
        0.3009791821241379,
        0.25044574826955796,
        0.20988896656781436,
        0.1800338427722454,
        0.15383310662582517,
        0.13892139088362454,
        0.1060712124593556,
        0.12498856244143099,
        0.07669774133712054,
        0.06910412616096437,
        0.0691443924489431,
        0.050847776690497996,
        0.0594626196147874
    ],
    "train_accuracy": [
        71.39264382269727,
        83.1185161898774,
        88.36843759823955,
        90.12889028607356,
        92.48663942156554,
        93.33542911034266,
        94.5300220056586,
        95.06444514303678,
        96.63627790003143,
        95.4416850047155,
        97.45363093366866,
        97.64225086450801,
        97.39075762338886,
        98.45960389814523,
        97.98805407104685
    ],
    "val_loss": [
        0.5452920337175501,
        0.45476471491414927,
        0.3043675545988412,
        0.25785709596399603,
        0.25292378670439636,
        0.24058654852982225,
        0.2240659606418219,
        0.20891123906516568,
        0.18109874253899888,
        0.18181524734044896,
        0.18100436442884907,
        0.18311553211192247,
        0.1725308531132559,
        0.21350781830099957,
        0.18436349403105098
    ],
    "val_accuracy": [
        74.00881057268722,
        76.65198237885463,
        89.53744493392071,
        91.18942731277534,
        92.62114537444934,
        92.84140969162996,
        93.3920704845815,
        93.94273127753304,
        96.1453744493392,
        96.25550660792952,
        96.36563876651982,
        96.69603524229075,
        96.1453744493392,
        96.69603524229075,
        97.02643171806167
    ],
    "test_accuracy": 96.49122807017544,
    "classes": [
        "glioma",
        "meningioma",
        "pituitary"
    ],
    "epochs": 15,
    "num_train_samples": 3181,
    "num_val_samples": 908,
    "num_test_samples": 456,
    "best_val_epoch": 13,
    "best_val_loss": 0.1725308531132559,
    "best_val_accuracy": 96.1453744493392
}