{
    "train_loss": [
        0.6582505369186401,
        0.41525060951709747,
        0.3060567566752434,
        0.23565926343202592,
        0.17774965591728686,
        0.1434819954633713,
        0.14910064332187176,
        0.08962811399251222,
        0.056717080306261776,
        0.06017267968505621,
        0.046772954650223256,
        0.03046813781373203,
        0.016365495540667324,
        0.011498787542805075,
        0.04566558925434947
    ],
    "train_accuracy": [
        68.21754165356806,
        81.92392329456146,
        88.02263439170072,
        91.00911662999057,
        93.71266897202138,
        94.84438855705753,
        94.37283872995913,
        97.13926438226973,
        98.39673058786545,
        97.86230745048726,
        98.36529393272556,
        99.0569003458032,
        99.65419679346118,
        99.74850675888085,
        98.1766740018862
    ],
    "val_loss": [
        0.5083198378483454,
        0.3402333438396454,
        0.3145196924606959,
        0.26775684642295045,
        0.23624795178572336,
        0.2559837798277537,
        0.2900642330447833,
        0.20480560474097728,
        0.21962655311605583,
        0.21003683097660542,
        0.22286854088306426,
        0.22912225772743114,
        0.25033304976920284,
        0.4166063821564118,
        0.2069696377341946
    ],
    "val_accuracy": [
        77.31277533039648,
        86.23348017621146,
        88.87665198237886,
        91.29955947136564,
        93.83259911894272,
        91.40969162995594,
        91.74008810572687,
        96.36563876651982,
        95.70484581497797,
        95.37444933920705,
        96.36563876651982,
        96.25550660792952,
        96.58590308370044,
        94.49339207048457,
        96.58590308370044
    ],
    "test_accuracy": 96.49122807017544,
    "classes": [
        "glioma",
        "meningioma",
        "pituitary"
    ],
    "epochs": 15,
    "num_train_samples": 3181,
    "num_val_samples": 908,
    "num_test_samples": 456,
    "best_val_epoch": 8,
    "best_val_loss": 0.20480560474097728,
    "best_val_accuracy": 96.36563876651982
}