{
    "train_loss": [
        0.6379606479406357,
        0.365454196035862,
        0.29622953161597254,
        0.23844647623598575,
        0.19437882624566555,
        0.14883981063961982,
        0.12079671278595924,
        0.10150929041206837,
        0.07150839500594884,
        0.08039776484947651,
        0.048462044158950446,
        0.048742247119080276,
        0.039649839763296765,
        0.0471451019286178,
        0.025543387006036936,
        0.015294939324376174,
        0.018647037292830647,
        0.013257397439156193,
        0.014211835195310414,
        0.01430571114178747,
        0.006719845985644497,
        0.00897338646609569,
        0.007186897556675831,
        0.005585797626408749,
        0.006613902121316641,
        0.004113904132536845,
        0.004201214969507419,
        0.0065376956780892215,
        0.0033200635375396814,
        0.004900838402681984,
        0.00705400459577504,
        0.005875430444139056,
        0.0049486450320910084,
        0.00527891544974409,
        0.003917817251240194,
        0.005332196058370755,
        0.005407240618078504,
        0.004599632636818569,
        0.004645080040208995,
        0.0033329371457512026,
        0.0036497898858578993,
        0.004171965386969987,
        0.004609787086810684,
        0.004150093237767578,
        0.004126780737860827,
        0.003235706078739895,
        0.0036904378179315246,
        0.003486670877537108,
        0.00496932418041979,
        0.004079965339660703
    ],
    "train_accuracy": [
        71.32977051241748,
        85.16189877397045,
        88.33700094309965,
        90.53756680289217,
        92.48663942156554,
        95.09588179817668,
        95.53599497013518,
        96.57340458975165,
        97.54794089908833,
        97.07639107198995,
        98.67966048412448,
        98.49104055328513,
        99.02546369066332,
        98.67966048412448,
        99.33983024206225,
        99.62276013832128,
        99.37126689720213,
        99.65419679346118,
        99.62276013832128,
        99.65419679346118,
        99.87425337944043,
        99.74850675888085,
        99.84281672430053,
        99.87425337944043,
        99.81138006916063,
        99.93712668972022,
        99.93712668972022,
        99.77994341402075,
        99.9685633448601,
        99.87425337944043,
        99.77994341402075,
        99.84281672430053,
        99.87425337944043,
        99.93712668972022,
        99.90569003458032,
        99.84281672430053,
        99.90569003458032,
        99.90569003458032,
        99.90569003458032,
        99.93712668972022,
        99.90569003458032,
        99.87425337944043,
        99.90569003458032,
        99.90569003458032,
        99.90569003458032,
        99.9685633448601,
        99.9685633448601,
        99.93712668972022,
        99.87425337944043,
        99.93712668972022
    ],
    "val_loss": [
        0.4143956891935447,
        0.8247857446429031,
        0.2917888280132721,
        0.28015961459484595,
        0.2077142133794982,
        0.24324385492644948,
        0.15240294370671797,
        0.13488665958545332,
        0.1306288487053123,
        0.11156444708367103,
        0.10126225313408589,
        0.11784518331265205,
        0.10768141543316044,
        0.11224817108318505,
        0.12464514908135933,
        0.10097561261048621,
        0.12063428607256481,
        0.10894572222605348,
        0.12269418963964639,
        0.11777349830061148,
        0.13118268650063766,
        0.12019176720862342,
        0.12160163693562058,
        0.11525943654355772,
        0.12068034806775516,
        0.12606319612295291,
        0.12359525398391395,
        0.13260216617750145,
        0.13354637349528212,
        0.1271211829719285,
        0.1355712722099019,
        0.1371463968374381,
        0.13109677337669037,
        0.12817768340981525,
        0.1290477723581685,
        0.13179657080403057,
        0.13054089872275654,
        0.12964463730139839,
        0.1306165948995401,
        0.12894140375322516,
        0.12945639738323922,
        0.1279869619966748,
        0.12819903159307333,
        0.1292505616836714,
        0.1296792058666644,
        0.13037267410673253,
        0.12960334872021687,
        0.12904938521777976,
        0.12918779511820222,
        0.12927201090233525
    ],
    "val_accuracy": [
        83.37004405286343,
        61.67400881057269,
        89.75770925110132,
        89.53744493392071,
        93.17180616740089,
        91.85022026431719,
        95.37444933920705,
        95.9251101321586,
        96.58590308370044,
        96.69603524229075,
        97.2466960352423,
        97.02643171806167,
        97.13656387665198,
        96.47577092511013,
        96.58590308370044,
        97.2466960352423,
        97.02643171806167,
        97.13656387665198,
        97.13656387665198,
        97.3568281938326,
        97.3568281938326,
        97.3568281938326,
        97.2466960352423,
        97.3568281938326,
        97.2466960352423,
        97.3568281938326,
        97.4669603524229,
        97.2466960352423,
        97.4669603524229,
        97.2466960352423,
        97.4669603524229,
        97.4669603524229,
        97.2466960352423,
        97.57709251101322,
        97.3568281938326,
        97.2466960352423,
        97.2466960352423,
        97.2466960352423,
        97.2466960352423,
        97.2466960352423,
        97.2466960352423,
        97.3568281938326,
        97.57709251101322,
        97.2466960352423,
        97.2466960352423,
        97.2466960352423,
        97.2466960352423,
        97.2466960352423,
        97.2466960352423,
        97.2466960352423
    ],
    "test_accuracy": 98.6842105263158,
    "classes": [
        "glioma",
        "meningioma",
        "pituitary"
    ],
    "epochs": 50,
    "num_train_samples": 3181,
    "num_val_samples": 908,
    "num_test_samples": 456,
    "best_val_epoch": 16,
    "best_val_loss": 0.10097561261048621,
    "best_val_accuracy": 97.2466960352423
}