{
    "train_loss": [
        0.6423882329463959,
        0.4695268538594246,
        0.40290522560477254,
        0.355497844517231,
        0.3248447844386101,
        0.28413131684064863,
        0.2703643500059843,
        0.2519926045835018,
        0.23113514691591264,
        0.22613213643431662,
        0.1948843101784587,
        0.19216119863092898,
        0.18461375206708908,
        0.16879311200231314,
        0.1558762925863266
    ],
    "train_accuracy": [
        69.06633134234518,
        78.65451116001258,
        82.77271298333858,
        84.87896887771142,
        86.51367494498585,
        88.5884941842188,
        88.96573404589752,
        90.31751021691292,
        91.763596353348,
        91.73215969820811,
        92.80100597296448,
        92.64382269726501,
        93.14680917950331,
        93.93272555800063,
        94.27852876453946
    ],
    "val_loss": [
        0.5746757079815042,
        0.5755082964897156,
        0.37623742916460695,
        0.35124731217992716,
        0.3330679475490389,
        0.3309148768412656,
        0.3501290824456975,
        0.3562732062077728,
        0.27482666177996273,
        0.2696733708525526,
        0.31954833303160707,
        0.25390066887284146,
        0.24750423489202714,
        0.22744997365978256,
        0.24570471902602706
    ],
    "val_accuracy": [
        73.01762114537445,
        71.1453744493392,
        85.02202643171806,
        86.01321585903084,
        87.00440528634361,
        87.44493392070484,
        86.34361233480176,
        84.2511013215859,
        91.62995594713657,
        90.41850220264317,
        87.11453744493392,
        92.29074889867842,
        93.28193832599119,
        93.72246696035242,
        93.06167400881057
    ],
    "test_accuracy": 92.32456140350877,
    "classes": [
        "glioma",
        "meningioma",
        "pituitary"
    ],
    "epochs": 15,
    "num_train_samples": 3181,
    "num_val_samples": 908,
    "num_test_samples": 456,
    "best_val_epoch": 14,
    "best_val_loss": 0.22744997365978256,
    "best_val_accuracy": 93.72246696035242
}