{
    "train_loss": [
        0.6289697934687137,
        0.35819952622056006,
        0.27044088326394555,
        0.2451098957657814,
        0.17151485421694815,
        0.18769981628283858,
        0.12438323855400085,
        0.15666496243327857,
        0.11752924450905994,
        0.13598071061540395,
        0.10475498682120815,
        0.09133406241424381,
        0.10259055277798325,
        0.11867494143312797,
        0.08117869012639858
    ],
    "train_accuracy": [
        70.3237975479409,
        85.4133920150896,
        89.28010059729645,
        90.69475007859164,
        93.49261238604213,
        93.36686576548256,
        95.09588179817668,
        94.37283872995913,
        95.4416850047155,
        95.34737503929581,
        96.51053127947186,
        96.32191134863251,
        96.47909462433198,
        95.50455831499528,
        96.98208110657026
    ],
    "val_loss": [
        0.3147256854793121,
        0.35458014056022313,
        0.30412328707311176,
        0.20875505602051472,
        0.25397162390712263,
        0.23530148616630647,
        0.2006451152104499,
        0.4124842748286279,
        0.2597566322214146,
        0.23560645292547697,
        0.21550775004012895,
        0.17604306810294632,
        0.3444357893589266,
        0.19239619253845563,
        0.19592614998591357
    ],
    "val_accuracy": [
        87.77533039647577,
        88.43612334801762,
        89.42731277533039,
        92.62114537444934,
        92.0704845814978,
        93.83259911894272,
        95.81497797356828,
        88.32599118942731,
        94.38325991189427,
        95.04405286343612,
        95.04405286343612,
        96.47577092511013,
        90.41850220264317,
        95.70484581497797,
        96.25550660792952
    ],
    "test_accuracy": 98.02631578947368,
    "classes": [
        "glioma",
        "meningioma",
        "pituitary"
    ],
    "epochs": 15,
    "num_train_samples": 3181,
    "num_val_samples": 908,
    "num_test_samples": 456,
    "best_val_epoch": 12,
    "best_val_loss": 0.17604306810294632,
    "best_val_accuracy": 96.47577092511013
}