{
    "train_loss": [
        0.7489208686351776,
        0.4378373894095421,
        0.36579977318644524,
        0.3198434562981129,
        0.289252940043807,
        0.2476973143219948,
        0.22792841717600823,
        0.203997725173831,
        0.1846433087438345,
        0.17026650421321393,
        0.14611407909542323,
        0.12950304364785553,
        0.11988780852407217,
        0.09087486993521451,
        0.10314696568064391,
        0.07908002494834364,
        0.07018038255162537,
        0.06993583117611707,
        0.0633019275777042,
        0.045239951210096475,
        0.043195321999955925,
        0.04312284388113767,
        0.03727737075649202,
        0.03459563766431529,
        0.03234523915103637,
        0.02938792505650781,
        0.024573918632231653,
        0.02320159706287086,
        0.01785348271485418,
        0.017956336115603336,
        0.01807686621672474,
        0.017344690905301833,
        0.01711647799471393,
        0.015271333254640923,
        0.014655806740047411,
        0.01278726048214594,
        0.01300786856096238,
        0.013909066238556988,
        0.0129341260320507,
        0.014017410480882973,
        0.011643460260820575,
        0.014757377221249044,
        0.012251034250948579,
        0.01657896378717851,
        0.012366769573418424,
        0.012477663164027035,
        0.012381487182574346,
        0.014580068419454618,
        0.012226751215057447,
        0.01241324666654691
    ],
    "train_accuracy": [
        65.60829927695693,
        81.38950015718328,
        84.9732788431311,
        87.11097139264382,
        88.96573404589752,
        90.31751021691292,
        91.44922980194907,
        92.2351461804464,
        93.42973907576234,
        93.42973907576234,
        95.41024834957561,
        95.41024834957561,
        95.81892486639421,
        96.8563344860107,
        96.69915121031123,
        97.23357434768941,
        97.79943414020748,
        97.83087079534738,
        97.76799748506758,
        98.6482238289846,
        98.39673058786545,
        98.6167871738447,
        98.86828041496385,
        98.89971707010375,
        99.15121031122288,
        99.02546369066332,
        99.21408362150267,
        99.24552027664257,
        99.46557686262182,
        99.5598868280415,
        99.40270355234203,
        99.5284501729016,
        99.62276013832128,
        99.59132348318138,
        99.62276013832128,
        99.77994341402075,
        99.62276013832128,
        99.62276013832128,
        99.71707010374097,
        99.68563344860107,
        99.68563344860107,
        99.65419679346118,
        99.65419679346118,
        99.59132348318138,
        99.68563344860107,
        99.71707010374097,
        99.62276013832128,
        99.5284501729016,
        99.62276013832128,
        99.65419679346118
    ],
    "val_loss": [
        0.5067179526748329,
        0.37589360311113557,
        0.31963502307390346,
        0.4287893832500639,
        0.24976994906520023,
        0.24282710061504922,
        0.22609255549594245,
        0.2040472261222272,
        0.2119133819922291,
        0.21746602018588576,
        0.19526601923180037,
        0.23532465647038972,
        0.15542439079104825,
        0.14878303657189526,
        0.12822378495836567,
        0.1502192802084931,
        0.33100402287753494,
        0.22759290587092781,
        0.1398442366866973,
        0.11818153864768302,
        0.1279280878410771,
        0.11593774195503571,
        0.1219039959833026,
        0.12044452706448219,
        0.13112411364623955,
        0.1296916429740216,
        0.12316400704881304,
        0.12705382595143827,
        0.13625427229723347,
        0.12805402528189508,
        0.12635301520690675,
        0.12459209355613987,
        0.12441214480375117,
        0.12791185896514498,
        0.1278488361035827,
        0.1282425261532149,
        0.13285467044574786,
        0.12978685524310626,
        0.13189243027290073,
        0.13199582551545785,
        0.13185943188025326,
        0.13349876489996076,
        0.1332410277361211,
        0.13176963144234896,
        0.13269247962382685,
        0.13273785466826038,
        0.13244748710261273,
        0.13224472661235706,
        0.13199348103883274,
        0.13230226168625764
    ],
    "val_accuracy": [
        75.33039647577093,
        85.35242290748899,
        88.98678414096916,
        80.39647577092511,
        91.51982378854626,
        91.85022026431719,
        92.62114537444934,
        93.50220264317181,
        93.50220264317181,
        93.83259911894272,
        94.16299559471365,
        91.40969162995594,
        95.48458149779735,
        96.0352422907489,
        96.36563876651982,
        95.9251101321586,
        88.65638766519824,
        92.95154185022027,
        96.36563876651982,
        96.91629955947137,
        96.25550660792952,
        97.3568281938326,
        97.02643171806167,
        97.02643171806167,
        96.69603524229075,
        97.13656387665198,
        97.3568281938326,
        96.69603524229075,
        97.02643171806167,
        97.3568281938326,
        97.4669603524229,
        97.13656387665198,
        97.13656387665198,
        97.13656387665198,
        97.3568281938326,
        97.13656387665198,
        97.13656387665198,
        97.13656387665198,
        97.13656387665198,
        97.13656387665198,
        97.13656387665198,
        97.13656387665198,
        97.13656387665198,
        97.13656387665198,
        97.13656387665198,
        97.13656387665198,
        97.13656387665198,
        97.13656387665198,
        97.13656387665198,
        97.13656387665198
    ],
    "test_accuracy": 96.71052631578948,
    "classes": [
        "glioma",
        "meningioma",
        "pituitary"
    ],
    "epochs": 50,
    "num_train_samples": 3181,
    "num_val_samples": 908,
    "num_test_samples": 456,
    "best_val_epoch": 22,
    "best_val_loss": 0.11593774195503571,
    "best_val_accuracy": 97.3568281938326
}