{
    "train_loss": [
        0.6542961747944355,
        0.415048064738512,
        0.32362333849072455,
        0.2724207094311714,
        0.22943147987127305,
        0.18200397662818432,
        0.15634197216480972,
        0.1280756863579154,
        0.09855016134679317,
        0.08764068754389882,
        0.057569331368431446,
        0.07312935650814324,
        0.046939436590764674,
        0.04313422188628465,
        0.023708535840269176
    ],
    "train_accuracy": [
        69.91512103112228,
        82.14397988054071,
        87.1738447029236,
        89.28010059729645,
        91.41779314680917,
        93.30399245520276,
        94.37283872995913,
        95.78748821125433,
        96.98208110657026,
        96.98208110657026,
        98.30242062244577,
        97.57937755422823,
        98.6167871738447,
        98.55391386356492,
        99.43414020748192
    ],
    "val_loss": [
        0.5432810513623829,
        0.5478241786617657,
        0.2933498931855991,
        0.2726830919754916,
        0.2583475461036995,
        0.23560171413781314,
        0.1944134727216743,
        0.19814184980852337,
        0.17154514725352155,
        0.18188550408351525,
        0.18507056282672646,
        0.17999312575858342,
        0.16367140724644835,
        0.17949357931903595,
        0.1908800051334828
    ],
    "val_accuracy": [
        73.6784140969163,
        73.01762114537445,
        89.31718061674009,
        90.19823788546256,
        92.29074889867842,
        93.28193832599119,
        95.48458149779735,
        94.49339207048457,
        96.0352422907489,
        95.70484581497797,
        95.48458149779735,
        97.2466960352423,
        97.13656387665198,
        96.58590308370044,
        96.58590308370044
    ],
    "test_accuracy": 96.71052631578948,
    "classes": [
        "glioma",
        "meningioma",
        "pituitary"
    ],
    "epochs": 15,
    "num_train_samples": 3181,
    "num_val_samples": 908,
    "num_test_samples": 456,
    "best_val_epoch": 13,
    "best_val_loss": 0.16367140724644835,
    "best_val_accuracy": 97.13656387665198
}