{
    "train_loss": [
        0.6740524762868881,
        0.4482290464639664,
        0.3593864932656288,
        0.3164535655081272,
        0.30748892784118653,
        0.26824434004724024,
        0.27400769650936124,
        0.239971953779459,
        0.2117393773049116,
        0.21175715871155262,
        0.21585577853024007,
        0.18543873962014915,
        0.17908936325460673,
        0.17527729347348214,
        0.1608613960072398
    ],
    "train_accuracy": [
        70.63816409933983,
        81.86104998428168,
        85.97925180760767,
        87.58252121974222,
        87.80257780572147,
        89.72021376925495,
        90.31751021691292,
        91.04055328513046,
        92.73813266268469,
        91.85790631876769,
        92.20370952530651,
        93.55548569632191,
        93.68123231688148,
        93.71266897202138,
        93.86985224772084
    ],
    "val_loss": [
        0.5620111453122106,
        0.441761826646739,
        0.531294422673768,
        0.36497460922290537,
        0.2834546820356928,
        0.2973434596226133,
        0.6261756332783863,
        0.26894245091183433,
        0.32132129962074346,
        0.36833234773627643,
        0.32747162364680193,
        0.2075792183649951,
        0.3006522023472293,
        0.3062770202884386,
        0.28225353745550946
    ],
    "val_accuracy": [
        77.42290748898678,
        80.50660792951543,
        77.09251101321586,
        85.46255506607929,
        88.43612334801762,
        87.55506607929516,
        72.3568281938326,
        89.75770925110132,
        87.33480176211454,
        85.13215859030836,
        86.34361233480176,
        91.62995594713657,
        87.11453744493392,
        87.66519823788546,
        88.54625550660793
    ],
    "test_accuracy": 87.5,
    "classes": [
        "glioma",
        "meningioma",
        "pituitary"
    ],
    "epochs": 15,
    "num_train_samples": 3181,
    "num_val_samples": 908,
    "num_test_samples": 456,
    "best_val_epoch": 12,
    "best_val_loss": 0.2075792183649951,
    "best_val_accuracy": 91.62995594713657
}