{
    "train_loss": [
        0.6471527418494225,
        0.32954451113939287,
        0.18183106875047086,
        0.12712720122188328,
        0.15273883509915323,
        0.08426504051778466,
        0.12695616694167255,
        0.05918311730260029,
        0.044631250919192095,
        0.03159056570584653,
        0.040844534604402724,
        0.043272523400300994,
        0.03386890108755324,
        0.03689420171056554,
        0.046977872978895906
    ],
    "train_accuracy": [
        72.1471235460547,
        87.70826784030179,
        93.27255580006288,
        95.53599497013518,
        94.65576862621818,
        96.98208110657026,
        95.69317824583464,
        98.01949072618673,
        98.55391386356492,
        99.02546369066332,
        98.52247720842503,
        98.6482238289846,
        98.93115372524363,
        98.89971707010375,
        98.2081106570261
    ],
    "val_loss": [
        0.28565222435984117,
        0.23479611492426744,
        0.7844697846103372,
        0.22410691941306518,
        0.2772992545709211,
        0.08901077685556535,
        0.1619308850570413,
        0.10920365800045366,
        0.39041676878958964,
        0.08071907337081688,
        0.22701629403334286,
        0.11153864765382705,
        0.11150139682433355,
        0.08577548885726424,
        0.11311992383030131
    ],
    "val_accuracy": [
        88.10572687224669,
        89.75770925110132,
        78.41409691629956,
        92.29074889867842,
        91.96035242290749,
        96.80616740088105,
        95.48458149779735,
        96.69603524229075,
        87.44493392070484,
        97.13656387665198,
        93.28193832599119,
        97.13656387665198,
        97.79735682819383,
        98.23788546255507,
        96.25550660792952
    ],
    "test_accuracy": 96.71052631578948,
    "classes": [
        "glioma",
        "meningioma",
        "pituitary"
    ],
    "epochs": 15,
    "num_train_samples": 3181,
    "num_val_samples": 908,
    "num_test_samples": 456,
    "best_val_epoch": 10,
    "best_val_loss": 0.08071907337081688,
    "best_val_accuracy": 97.13656387665198
}