{
    "train_loss": [
        0.6798802161216736,
        0.4390023022890091,
        0.34158132910728456,
        0.26708846777677536,
        0.20710856035351755,
        0.17107768788933753,
        0.18919911853969096,
        0.12513537146151066,
        0.08729033261537551,
        0.08274544708430767,
        0.06942461673170328,
        0.05669510930776596,
        0.048199675008654595,
        0.03402906082570553,
        0.04035045331344009
    ],
    "train_accuracy": [
        66.64570889657341,
        80.88651367494498,
        86.04212511788745,
        89.18579063187677,
        92.70669600754479,
        93.96416221314053,
        93.64979566174159,
        95.63030493555486,
        96.98208110657026,
        97.35932096824898,
        97.39075762338886,
        98.05092738132663,
        98.49104055328513,
        98.89971707010375,
        98.58535051870481
    ],
    "val_loss": [
        0.5348315844933192,
        0.3848197966814041,
        0.3358272075653076,
        0.2923002307613691,
        0.24386457453171412,
        0.29263887107372283,
        0.29767829962074754,
        0.2127528311063846,
        0.20183744703729947,
        0.20692765551308792,
        0.24712505663434664,
        0.23822397589683533,
        0.2262050534520919,
        0.2899224662493604,
        0.22445512518121782
    ],
    "val_accuracy": [
        75.77092511013215,
        84.58149779735683,
        86.78414096916299,
        89.97797356828194,
        93.28193832599119,
        89.42731277533039,
        90.63876651982379,
        95.81497797356828,
        95.59471365638767,
        94.8237885462555,
        94.27312775330397,
        94.93392070484582,
        96.25550660792952,
        95.26431718061674,
        97.13656387665198
    ],
    "test_accuracy": 97.36842105263158,
    "classes": [
        "glioma",
        "meningioma",
        "pituitary"
    ],
    "epochs": 15,
    "num_train_samples": 3181,
    "num_val_samples": 908,
    "num_test_samples": 456,
    "best_val_epoch": 9,
    "best_val_loss": 0.20183744703729947,
    "best_val_accuracy": 95.59471365638767
}