{
    "train_loss": [
        0.6340894086658955,
        0.3776714138686657,
        0.29282271683216093,
        0.24169728502631188,
        0.20304825831204654,
        0.16632254891097545,
        0.14361875802278518,
        0.11697902705520391,
        0.09597398800775409,
        0.07990434766281396,
        0.061301040691323576,
        0.05801712829619646,
        0.050467942808754745,
        0.055247656621504576,
        0.031602576710283756,
        0.03208667233819142,
        0.018767278343439102,
        0.015957425938686355,
        0.01379018369159894,
        0.015012752540351358,
        0.012782612479350064,
        0.007813567711273207,
        0.010887118595128413,
        0.008219240374892252,
        0.00824911934818374,
        0.008335375052993185,
        0.009517261351284105,
        0.006809518248628592,
        0.007408494622723083,
        0.009143470538547263,
        0.006692287683836185,
        0.0053521547542186455,
        0.006286823547052336,
        0.007587622613355052,
        0.005243771291716257,
        0.005232039488764713,
        0.005802244925580453,
        0.005295762664463837,
        0.0063536121978540906,
        0.005620679532876238,
        0.0038340197515208275,
        0.005002493622159818,
        0.0049100903970975196,
        0.004482578736970027,
        0.00663723131394363,
        0.005442861617120797,
        0.003857412913603184,
        0.0069729480901150965,
        0.0041883007611613725,
        0.006453097320481902
    ],
    "train_accuracy": [
        71.2354605469978,
        84.84753222257152,
        88.43131090851934,
        90.97767997485067,
        92.2351461804464,
        94.0899088337001,
        95.001571832757,
        96.32191134863251,
        96.8563344860107,
        97.57937755422823,
        98.11380069160641,
        98.14523734674631,
        98.39673058786545,
        98.05092738132663,
        99.18264696636278,
        99.18264696636278,
        99.49701351776172,
        99.5284501729016,
        99.5598868280415,
        99.43414020748192,
        99.65419679346118,
        99.87425337944043,
        99.74850675888085,
        99.81138006916063,
        99.77994341402075,
        99.84281672430053,
        99.68563344860107,
        99.87425337944043,
        99.87425337944043,
        99.81138006916063,
        99.81138006916063,
        99.87425337944043,
        99.87425337944043,
        99.74850675888085,
        99.90569003458032,
        99.93712668972022,
        99.93712668972022,
        99.93712668972022,
        99.77994341402075,
        99.87425337944043,
        99.9685633448601,
        99.84281672430053,
        99.90569003458032,
        99.90569003458032,
        99.87425337944043,
        99.84281672430053,
        100.0,
        99.77994341402075,
        99.93712668972022,
        99.77994341402075
    ],
    "val_loss": [
        0.47544891721215743,
        0.6174387744274633,
        0.2633374338519984,
        0.2606783739837079,
        0.1977863459494607,
        0.18281480380944137,
        0.15597739456028775,
        0.12800647854676533,
        0.12290589993113074,
        0.10839902135896785,
        0.3021890471914205,
        0.09842117871197968,
        0.1263893846109317,
        0.10508039615775362,
        0.39236110193175183,
        0.129849994846154,
        0.12481263243384531,
        0.11657420045230538,
        0.1263736732568038,
        0.1410327048797626,
        0.12007888039988757,
        0.12754572965535899,
        0.1361235253771783,
        0.12370470617064837,
        0.1239164857776406,
        0.12833966177126496,
        0.12551645774585957,
        0.12477411312120866,
        0.12218661101303888,
        0.12184906162706441,
        0.1268843311498068,
        0.13011155297223514,
        0.12953674664088888,
        0.12701482112424856,
        0.12836187838008206,
        0.1301842302642587,
        0.12795028596864821,
        0.128392759230588,
        0.1270392098212424,
        0.12763991323117807,
        0.12808622445845685,
        0.12993578704343486,
        0.12947915940508367,
        0.12947155808050692,
        0.1298737762187149,
        0.12988657857831326,
        0.13001822248482092,
        0.1292616192367232,
        0.12954610354640392,
        0.12938676348946093
    ],
    "val_accuracy": [
        77.7533039647577,
        71.0352422907489,
        90.7488986784141,
        89.20704845814979,
        93.72246696035242,
        93.72246696035242,
        95.15418502202643,
        96.69603524229075,
        96.47577092511013,
        97.2466960352423,
        90.08810572687224,
        98.568281938326,
        97.4669603524229,
        97.68722466960352,
        86.67400881057269,
        97.3568281938326,
        97.68722466960352,
        98.12775330396475,
        98.01762114537445,
        97.68722466960352,
        98.12775330396475,
        97.79735682819383,
        98.12775330396475,
        98.12775330396475,
        97.79735682819383,
        98.23788546255507,
        98.23788546255507,
        98.23788546255507,
        98.45814977973568,
        98.34801762114537,
        98.34801762114537,
        98.23788546255507,
        98.45814977973568,
        98.12775330396475,
        98.34801762114537,
        98.34801762114537,
        98.23788546255507,
        98.23788546255507,
        98.23788546255507,
        98.34801762114537,
        98.34801762114537,
        98.34801762114537,
        98.34801762114537,
        98.34801762114537,
        98.34801762114537,
        98.34801762114537,
        98.34801762114537,
        98.34801762114537,
        98.34801762114537,
        98.34801762114537
    ],
    "test_accuracy": 99.78070175438596,
    "classes": [
        "glioma",
        "meningioma",
        "pituitary"
    ],
    "epochs": 50,
    "num_train_samples": 3181,
    "num_val_samples": 908,
    "num_test_samples": 456,
    "best_val_epoch": 12,
    "best_val_loss": 0.09842117871197968,
    "best_val_accuracy": 98.568281938326
}