{
    "train_loss": [
        0.6595694515109062,
        0.43156662821769715,
        0.3365550909936428,
        0.2771899089962244,
        0.23175860196352005,
        0.19801276162266732,
        0.1774590764194727,
        0.16012337401509286,
        0.13123991545289754,
        0.12152315065264702,
        0.0981680603697896,
        0.09064110483042896,
        0.08133816703688353,
        0.07542649515904486,
        0.05667198080103844,
        0.05469048952683806,
        0.04431797100231052,
        0.0374593150941655,
        0.03786122634541243,
        0.027865445488132537,
        0.028881355391349645,
        0.03023318773251958,
        0.02038753909757361,
        0.014273250644328073,
        0.014010240649513435,
        0.012432471446518321,
        0.010668513941054699,
        0.008351523134479066,
        0.011497473582276143,
        0.009139545750513208,
        0.008726942536886781,
        0.010805095076211729,
        0.007272744826914277,
        0.005150411823124159,
        0.008083021839047433,
        0.004737399309815374,
        0.005854479374102084,
        0.006871101633878425,
        0.004591347308814875,
        0.004960343248967547,
        0.005017680454475339,
        0.0065362411475507545,
        0.005175687085575191,
        0.005282020775775891,
        0.005825186951697105,
        0.007553778687288286,
        0.004280751780606806,
        0.006667973409785191,
        0.005066550057745189,
        0.00652614791324595
    ],
    "train_accuracy": [
        69.60075447972336,
        81.38950015718328,
        85.94781515246778,
        88.74567745991827,
        90.78906004401132,
        92.70669600754479,
        92.89531593838416,
        94.12134548883999,
        95.31593838415593,
        95.4731216598554,
        96.3847846589123,
        96.76202452059101,
        96.69915121031123,
        97.51650424394845,
        98.30242062244577,
        98.08236403646652,
        98.93115372524363,
        98.83684375982395,
        98.6482238289846,
        99.02546369066332,
        99.0569003458032,
        98.96259038038353,
        99.37126689720213,
        99.5598868280415,
        99.5284501729016,
        99.49701351776172,
        99.81138006916063,
        99.81138006916063,
        99.62276013832128,
        99.74850675888085,
        99.81138006916063,
        99.65419679346118,
        99.84281672430053,
        99.93712668972022,
        99.84281672430053,
        99.93712668972022,
        99.90569003458032,
        99.87425337944043,
        99.93712668972022,
        99.90569003458032,
        99.87425337944043,
        99.84281672430053,
        99.90569003458032,
        99.87425337944043,
        99.84281672430053,
        99.77994341402075,
        99.93712668972022,
        99.77994341402075,
        99.93712668972022,
        99.84281672430053
    ],
    "val_loss": [
        0.5150700054805855,
        0.5878888321719293,
        0.2912281636020233,
        0.2639039907090623,
        0.2228504217647273,
        0.20075286976222334,
        0.17628429679135824,
        0.22201621583020636,
        0.1604955853444749,
        0.1358235312689995,
        0.1359190584064044,
        0.1925531714042681,
        0.13724589138693208,
        0.11038054966624698,
        0.4487582505883846,
        0.10543539838319452,
        0.1379465784331591,
        0.09518227043184291,
        0.11040502017191291,
        0.09548481186683258,
        0.11978387627083255,
        0.10760594843066365,
        0.10492544912342745,
        0.10569615309138718,
        0.10145534744214242,
        0.11489059949599323,
        0.10858032203257859,
        0.10349429678999827,
        0.10390853826526115,
        0.10051074359467622,
        0.12026889714013969,
        0.10465730656706627,
        0.10431652949259372,
        0.11325172184090128,
        0.10773392800227408,
        0.10853054478013355,
        0.11061364160534516,
        0.11149310358149674,
        0.11021803836548974,
        0.10889905616245257,
        0.10785801171196313,
        0.11229404675320658,
        0.10932471161843217,
        0.11030751422342668,
        0.10985132083047135,
        0.11245144902976131,
        0.11144260225065127,
        0.11010458509999493,
        0.11108495999015476,
        0.11054080254062087
    ],
    "val_accuracy": [
        75.1101321585903,
        71.58590308370044,
        88.98678414096916,
        89.64757709251101,
        91.51982378854626,
        93.3920704845815,
        94.93392070484582,
        89.64757709251101,
        94.93392070484582,
        96.25550660792952,
        95.81497797356828,
        93.28193832599119,
        95.48458149779735,
        96.69603524229075,
        82.26872246696036,
        97.3568281938326,
        96.47577092511013,
        97.3568281938326,
        97.2466960352423,
        97.3568281938326,
        97.4669603524229,
        97.02643171806167,
        97.3568281938326,
        97.13656387665198,
        97.4669603524229,
        97.02643171806167,
        97.2466960352423,
        97.13656387665198,
        97.3568281938326,
        97.57709251101322,
        97.68722466960352,
        97.57709251101322,
        97.68722466960352,
        97.3568281938326,
        97.68722466960352,
        97.4669603524229,
        97.4669603524229,
        97.57709251101322,
        97.4669603524229,
        97.57709251101322,
        97.68722466960352,
        97.3568281938326,
        97.57709251101322,
        97.57709251101322,
        97.57709251101322,
        97.4669603524229,
        97.4669603524229,
        97.57709251101322,
        97.4669603524229,
        97.57709251101322
    ],
    "test_accuracy": 97.36842105263158,
    "classes": [
        "glioma",
        "meningioma",
        "pituitary"
    ],
    "epochs": 50,
    "num_train_samples": 3181,
    "num_val_samples": 908,
    "num_test_samples": 456,
    "best_val_epoch": 18,
    "best_val_loss": 0.09518227043184291,
    "best_val_accuracy": 97.3568281938326
}