{
    "train_loss": [
        0.643578040599823,
        0.4265791860222816,
        0.37124129563570024,
        0.3013115917146206,
        0.2584134452790022,
        0.20651656702160837,
        0.17517474479973316,
        0.14557598017156123,
        0.13320891117677092,
        0.1140405866317451,
        0.09450462801381945,
        0.08370179747231304,
        0.07409849361516535,
        0.06181849473156035,
        0.05617118336027488,
        0.048672940800897777,
        0.05656975348945707,
        0.03067336863139644,
        0.027568875243887306,
        0.02961960472399369,
        0.025027998805744574,
        0.02017922476050444,
        0.016300467452965678,
        0.016722832633240613,
        0.018130738949985244,
        0.015449576007667928,
        0.012476682164415252,
        0.014371940049459226,
        0.01747242917685071,
        0.013566032759554219,
        0.012760728661087342,
        0.013071648173499852,
        0.010863426221185364,
        0.01011636641836958,
        0.010743207461200655,
        0.01186197617847938,
        0.0117028818858671,
        0.010081927633436863,
        0.012773399910947773,
        0.012074446686310693,
        0.009551589470065664,
        0.010655395355715882,
        0.010432535677973647,
        0.010418786114896647,
        0.0122055840207031,
        0.011817051947582513,
        0.010990378812566632,
        0.009493128402391448,
        0.01239264173025731,
        0.010534410651744111
    ],
    "train_accuracy": [
        70.16661427224143,
        82.39547312165986,
        84.56460232631248,
        87.80257780572147,
        89.81452373467464,
        92.04652624960704,
        93.33542911034266,
        95.15875510845646,
        94.90726186733731,
        95.881798176674,
        96.44765796919208,
        97.10782772712983,
        97.2964476579692,
        97.89374410562716,
        98.01949072618673,
        98.58535051870481,
        97.7051241747878,
        99.21408362150267,
        99.30839358692235,
        99.15121031122288,
        99.33983024206225,
        99.43414020748192,
        99.5598868280415,
        99.5598868280415,
        99.5598868280415,
        99.71707010374097,
        99.71707010374097,
        99.62276013832128,
        99.43414020748192,
        99.62276013832128,
        99.65419679346118,
        99.68563344860107,
        99.71707010374097,
        99.81138006916063,
        99.77994341402075,
        99.65419679346118,
        99.68563344860107,
        99.68563344860107,
        99.59132348318138,
        99.62276013832128,
        99.84281672430053,
        99.77994341402075,
        99.74850675888085,
        99.71707010374097,
        99.59132348318138,
        99.74850675888085,
        99.74850675888085,
        99.81138006916063,
        99.49701351776172,
        99.62276013832128
    ],
    "val_loss": [
        0.4549592198996708,
        0.41772535135006084,
        0.3336808930697112,
        0.26696490046793014,
        0.3266528436336024,
        0.21862127008880006,
        0.5626327265053988,
        0.26594692593087155,
        0.19039145356108403,
        0.14060054571721062,
        0.13683295461092274,
        0.15085953512582287,
        0.11710583758219306,
        0.1312901784408966,
        0.19870218774128168,
        0.14811910297079334,
        0.16466197958376644,
        0.1312488655314845,
        0.13219215719286223,
        0.12800843837562595,
        0.1350234376471329,
        0.12646322104385413,
        0.12399997352923524,
        0.14115878855829642,
        0.13335273759994065,
        0.14105422423544323,
        0.13672332884442737,
        0.13501880274396108,
        0.13799233484766366,
        0.13902295103290616,
        0.1377624638397688,
        0.13444228188871357,
        0.13856249117164005,
        0.13999497330374214,
        0.13895777017575617,
        0.13569496539652204,
        0.1404268084714141,
        0.14023035859281663,
        0.13870370040691843,
        0.13776303219266742,
        0.1380059944583928,
        0.13950798387392344,
        0.13892912273902389,
        0.13942998089247527,
        0.13890672844366958,
        0.1390562086172426,
        0.13971159477258535,
        0.1393078002169957,
        0.13950290532575937,
        0.13962493392895778
    ],
    "val_accuracy": [
        80.72687224669603,
        84.2511013215859,
        86.89427312775331,
        90.63876651982379,
        87.44493392070484,
        92.29074889867842,
        79.73568281938326,
        91.51982378854626,
        93.61233480176212,
        95.15418502202643,
        96.36563876651982,
        96.69603524229075,
        97.2466960352423,
        97.13656387665198,
        95.48458149779735,
        96.91629955947137,
        96.0352422907489,
        97.68722466960352,
        97.57709251101322,
        97.4669603524229,
        97.4669603524229,
        97.68722466960352,
        97.79735682819383,
        97.3568281938326,
        97.57709251101322,
        97.57709251101322,
        97.57709251101322,
        97.57709251101322,
        97.68722466960352,
        97.68722466960352,
        97.57709251101322,
        97.3568281938326,
        97.57709251101322,
        97.4669603524229,
        97.4669603524229,
        97.3568281938326,
        97.57709251101322,
        97.68722466960352,
        97.57709251101322,
        97.68722466960352,
        97.57709251101322,
        97.57709251101322,
        97.57709251101322,
        97.4669603524229,
        97.4669603524229,
        97.4669603524229,
        97.4669603524229,
        97.4669603524229,
        97.4669603524229,
        97.4669603524229
    ],
    "test_accuracy": 97.80701754385964,
    "classes": [
        "glioma",
        "meningioma",
        "pituitary"
    ],
    "epochs": 50,
    "num_train_samples": 3181,
    "num_val_samples": 908,
    "num_test_samples": 456,
    "best_val_epoch": 13,
    "best_val_loss": 0.11710583758219306,
    "best_val_accuracy": 97.2466960352423
}